title,release_date,mpaa,runtime,rating,genres,number_reviews,production_budget,opening_weekend,gross,fb_likes
Star Wars: The Force Awakens,18-Dec-15,PG-13,136,8.1,"Action,Adventure,Fantasy,Sci-Fi",670255,245000000,247966675,936627416,267000
The Wedding Ringer,16-Jan-15,R,101,6.7,Comedy,59500,23000000,24500000,64460211,74000
The Visit,11-Sep-15,PG-13,94,6.2,"Horror,Thriller",83345,5000000,25427560,65069140,29000
Magic Mike XXL,1-Jul-15,R,115,5.7,"Comedy,Drama,Music",42965,14800000,11600000,66009973,41000
War Room,28-Aug-15,PG,120,6.4,Drama,10010,3000000,11351389,67790117,30000
The Big Short,23-Dec-15,R,130,7.8,"Biography,Comedy,Drama,History",250966,28000000,705527,70235322,115000
Paul Blart: Mall Cop 2,17-Apr-15,PG,94,4.4,"Action,Comedy,Crime,Family",26668,30000000,23762435,71038190,81000
Bridge of Spies,16-Oct-15,PG-13,142,7.6,"Drama,History,Thriller",221249,40000000,15371203,72306065,58000
The Intern,25-Sep-15,PG-13,121,7.1,"Comedy,Drama",161668,35000000,17728313,75274748,58000
Pixels,24-Jul-15,PG-13,105,5.6,"Action,Comedy,Family,Sci-Fi",102883,88000000,24011616,78747585,40000
Goosebumps,16-Oct-15,PG,103,6.3,"Adventure,Comedy,Family,Fantasy,Horror",58373,58000000,23618556,80021740,36000
Ted 2,26-Jun-15,R,115,6.3,"Adventure,Comedy,Romance",138452,68000000,33507870,81257500,30000
Maze Runner: The Scorch Trials,18-Sep-15,PG-13,131,6.3,"Action,Sci-Fi,Thriller",161468,61000000,30316510,81687587,24000
Sisters,18-Dec-15,R,118,6,Comedy,50948,30000000,13922855,87028670,15000
Terminator Genisys,1-Jul-15,PG-13,126,6.5,"Action,Adventure,Sci-Fi",207899,155000000,28700000,89732035,82000
Get Hard,27-Mar-15,R,100,6,"Comedy,Crime",96347,40000000,33803253,90353764,14000
Tomorrowland,22-May-15,PG,130,6.5,"Action,Adventure,Family,Mystery,Sci-Fi",144577,190000000,32972000,93417865,38000
Creed,25-Nov-15,PG-13,133,7.6,"Drama,Sport",178054,35000000,29632823,109712885,74000
Trainwreck,17-Jul-15,R,125,6.3,"Comedy,Drama,Romance",107703,35000000,30097040,110008260,26000
Spy,5-Jun-15,R,119,7.1,"Action,Comedy,Crime",190065,65000000,29085719,110822419,44000
The Good Dinosaur,25-Nov-15,PG,93,6.8,"Animation,Adventure,Comedy,Drama,Family,Fantasy",78333,200000000,39155217,123070338,21000
Insurgent,20-Mar-15,PG-13,119,6.3,"Adventure,Sci-Fi,Thriller",174002,110000000,52263680,129995817,28000
The Peanuts Movie,6-Nov-15,G,88,7.1,"Animation,Adventure,Comedy,Family",34116,99000000,44213073,130174897,34000
Daddy's Home,25-Dec-15,PG-13,96,6.1,"Comedy,Family",69923,50000000,38740203,150315155,14000
Mad Max: Fury Road,15-May-15,R,120,8.1,"Action,Adventure,Sci-Fi,Thriller",642204,150000000,44440000,153629485,193000
San Andreas,29-May-15,PG-13,114,6.1,"Action,Adventure,Drama,Thriller",163486,110000000,54588173,155181732,53000
Straight Outta Compton,14-Aug-15,R,147,7.9,"Biography,Drama,History,Music",142305,28000000,56100000,161029270,79000
Fantastic Four,7-Aug-15,PG-13,100,4.3,"Action,Adventure,Sci-Fi",123097,120000000,25685737,56114221,42000
Joy,25-Dec-15,PG-13,124,6.6,"Biography,Drama",99219,60000000,17015168,56443482,26000
The Perfect Guy,11-Sep-15,PG-13,100,5.6,"Drama,Thriller",7628,12000000,25888154,57017904,10000
Vacation,29-Jul-15,R,99,6.1,"Adventure,Comedy",75566,31000000,14681108,58879132,29000
Black Mass,18-Sep-15,R,123,6.9,"Biography,Crime,Drama,History",137247,53000000,22635037,62563543,45000
The SpongeBob Movie: Sponge Out of Water,6-Feb-15,PG,92,6,"Animation,Adventure,Comedy,Family,Fantasy",37742,74000000,55365012,162495848,16000
Fifty Shades of Grey,13-Feb-15,R,125,4.1,"Drama,Romance,Thriller",246485,40000000,94395000,166147885,103000
Hotel Transylvania 2,25-Sep-15,PG,89,6.7,"Animation,Comedy,Family,Fantasy",70436,80000000,48464322,169692572,16000
Home,27-Mar-15,PG,94,6.7,"Animation,Adventure,Comedy,Family,Fantasy,Sci-Fi",78159,135000000,52107731,177343675,27000
Ant-Man,17-Jul-15,PG-13,117,7.3,"Action,Adventure,Comedy,Sci-Fi",375624,130000000,57225526,180191634,63000
Pitch Perfect 2,15-May-15,PG-13,115,6.5,"Comedy,Music",109794,29000000,70300000,183436380,40000
The Revenant,8-Jan-16,R,156,8,"Adventure,Drama,Thriller,Western",506751,135000000,474560,183635922,197000
Mission: Impossible - Rogue Nation,31-Jul-15,PG-13,131,7.4,"Action,Adventure,Thriller",260235,150000000,55520089,195000874,48000
Spectre,6-Nov-15,PG-13,148,6.8,"Action,Adventure,Thriller",311900,245000000,70403148,200074175,88000
Cinderella,13-Mar-15,PG,105,7,"Drama,Family,Fantasy,Romance",118628,95000000,67877361,201148159,57000
The Martian,2-Oct-15,PG-13,144,8,"Adventure,Drama,Sci-Fi",563908,108000000,54308575,228430993,159000
The Hunger Games: Mockingjay - Part 2,20-Nov-15,PG-13,137,6.6,"Action,Adventure,Sci-Fi,Thriller",205847,160000000,102665981,281666058,39000
Minions,10-Jul-15,PG,91,6.4,"Animation,Action,Adventure,Comedy,Family",162769,74000000,115200000,336029560,71000
Furious 7,3-Apr-15,PG-13,137,7.2,"Action,Crime,Thriller",304484,190000000,147187040,350034110,95000
Inside Out,19-Jun-15,PG,95,8.2,"Animation,Adventure,Comedy,Drama,Family,Fantasy",424369,175000000,90440272,356454367,122000
Avengers: Age of Ultron,1-May-15,PG-13,141,7.4,"Action,Adventure,Sci-Fi",523777,250000000,191271109,458991599,119000
Jurassic World,12-Jun-15,PG-13,124,7,"Action,Adventure,Sci-Fi",459857,150000000,204600000,652177271,151000
Hacksaw Ridge,4-Nov-16,R,139,8.2,"Biography,Drama,History,War",230212,40000000,15190758,67115062,82000
Lights Out,22-Jul-16,PG-13,81,6.4,Horror,73472,4900000,21688103,67235683,18000
10 Cloverfield Lane,11-Mar-16,PG-13,104,7.2,"Drama,Horror,Mystery,Sci-Fi,Thriller",198118,15000000,24702752,71897215,40000
Alice Through the Looking Glass,27-May-16,PG,113,6.2,"Adventure,Family,Fantasy",59420,170000000,28112000,77037635,33000
The Purge: Election Year,1-Jul-16,R,109,6,"Action,Horror,Sci-Fi,Thriller",56501,10000000,30870000,79003080,11000
The Accountant,14-Oct-16,R,128,7.4,"Action,Crime,Drama,Thriller",171954,44000000,24710273,86198014,46000
Miss Peregrine's Home for Peculiar Children,30-Sep-16,PG-13,127,6.7,"Adventure,Drama,Family,Fantasy",107121,110000000,28871140,87240689,58000
Don't Breathe,26-Aug-16,R,88,7.2,"Crime,Horror,Thriller",127372,9900000,26411706,89210468,29000
Ride Along 2,15-Jan-16,PG-13,102,5.9,"Action,Comedy",39253,40000000,34040000,90835030,66000
The Magnificent Seven,23-Sep-16,PG-13,132,6.9,"Action,Adventure,Western",128477,90000000,34703397,93381044,39000
Sausage Party,12-Aug-16,R,89,6.3,"Animation,Adventure,Comedy,Fantasy",125237,19000000,34263534,97661826,45000
The Boss,8-Apr-16,R,99,5.4,Comedy,30447,29000000,23586645,63034755,86000
Ice Age: Collision Course,22-Jul-16,PG,94,5.7,"Animation,Adventure,Comedy,Family,Sci-Fi",36303,105000000,21373064,64060187,88000
Now You See Me 2,10-Jun-16,PG-13,129,6.5,"Action,Adventure,Comedy,Crime,Mystery,Thriller",162017,90000000,22383146,65030563,21000
Allegiant,18-Mar-16,PG-13,120,5.7,"Action,Adventure,Mystery,Sci-Fi,Thriller",72478,110000000,29027348,66002193,13000
Passengers,21-Dec-16,PG-13,116,7,"Adventure,Drama,Romance,Sci-Fi",209834,110000000,15055000,100014092,39000
Arrival,11-Nov-16,PG-13,116,8,"Drama,Mystery,Sci-Fi,Thriller",359131,47000000,24000000,100501349,152000
The Conjuring 2,10-Jun-16,R,134,7.4,"Horror,Mystery,Thriller",141370,40000000,40406314,102461593,53000
Independence Day: Resurgence,24-Jun-16,PG-13,120,5.3,"Action,Adventure,Sci-Fi",131522,165000000,41039944,103137295,75000
The Angry Birds Movie,20-May-16,PG,97,6.3,"Animation,Action,Adventure,Comedy,Family",57206,73000000,38155177,107506776,16000
Bad Moms,29-Jul-16,R,100,6.2,Comedy,70364,20000000,23817340,113078694,32000
Sully,9-Sep-16,PG-13,96,7.5,"Biography,Drama",144054,60000000,35028301,125065700,54000
The Legend of Tarzan,1-Jul-16,PG-13,110,6.3,"Action,Adventure,Drama,Romance",122574,180000000,38135000,126585313,39000
Central Intelligence,17-Jun-16,PG-13,107,6.3,"Action,Comedy,Crime",100883,50000000,35535250,127380061,15000
Ghostbusters,15-Jul-16,PG-13,116,5.3,"Action,Comedy,Fantasy,Sci-Fi",151553,144000000,46018755,128344089,76000
Split,20-Jan-17,PG-13,117,7.3,"Horror,Thriller",183019,9000000,40010975,138120085,52000
Kung Fu Panda 3,29-Jan-16,PG,95,7.2,"Animation,Action,Adventure,Comedy,Family,Fantasy",91736,145000000,41282042,143523463,25000
The Forest,8-Jan-16,PG-13,93,4.8,"Horror,Mystery,Thriller",29394,10000000,12741176,26583369,11000
Resident Evil: The Final Chapter,27-Jan-17,R,107,5.6,"Action,Horror,Sci-Fi,Thriller",51855,40000000,13601682,26844692,22000
Florence Foster Jenkins,12-Aug-16,PG-13,111,6.9,"Biography,Comedy,Drama,Music",33214,29000000,6601313,27370107,27000
The Finest Hours,29-Jan-16,PG-13,117,6.8,"Action,Drama,History,Thriller",45665,80000000,10288932,27550735,15000
Moonlight,18-Nov-16,R,111,7.5,Drama,146207,1500000,402075,27850912,38000
Zoolander 2,12-Feb-16,PG-13,102,4.7,Comedy,49266,50000000,15650000,28837115,29000
When the Bough Breaks,9-Sep-16,PG-13,107,4.8,"Crime,Drama,Horror,Mystery,Thriller",3024,10000000,14202323,29703843,21000
"Hail, Caesar!",5-Feb-16,PG-13,106,6.3,"Comedy,Mystery",90910,22000000,11355225,29997095,24000
Underworld: Blood Wars,6-Jan-17,R,91,5.8,"Action,Adventure,Fantasy",44862,35000000,13688751,30348260,22000
Collateral Beauty,16-Dec-16,PG-13,97,6.8,"Drama,Romance",48717,36000000,7102085,30982955,19000
Gods of Egypt,26-Feb-16,PG-13,126,5.5,"Action,Adventure,Fantasy",75285,140000000,14123903,31141074,27000
Patriots Day,13-Jan-17,R,133,7.4,"Crime,Drama,History,Thriller",44427,45000000,161306,31856991,10000
Mother's Day,29-Apr-16,PG-13,118,5.6,"Comedy,Drama",21087,25000000,8369184,32463917,62000
Monster Trucks,13-Jan-17,PG,104,5.7,"Action,Adventure,Comedy,Family,Fantasy,Sci-Fi",7997,125000000,10500000,33038182,42000
Inferno,28-Oct-16,PG-13,121,6.2,"Action,Adventure,Crime,Drama,Mystery,Thriller",102177,75000000,14860425,34257924,25000
The Brothers Grimsby,11-Mar-16,R,83,6.2,"Action,Adventure,Comedy",64756,35000000,3258327,6864016,21000
The Wild Life,9-Sep-16,PG,91,5.3,"Animation,Adventure,Comedy,Family",3898,13000000,3342696,7965609,11000
A Cure for Wellness,17-Feb-17,R,146,6.4,"Drama,Fantasy,Horror,Mystery,Sci-Fi,Thriller",32443,40000000,5004463,8103139,6000
Ratchet & Clank,29-Apr-16,PG,94,5.6,"Animation,Action,Adventure,Comedy,Family,Sci-Fi",7287,20000000,4869278,8549740,8000
Queen of Katwe,30-Sep-16,PG,124,7.4,"Biography,Drama,Sport",7657,15000000,304933,8805918,83000
Popstar: Never Stop Never Stopping,3-Jun-16,R,87,6.7,"Comedy,Music",31848,20000000,4698715,9393835,48000
Rock Dog,24-Feb-17,PG,90,5.8,"Animation,Adventure,Comedy,Family,Music",1723,60000000,3704749,9404922,743
Live by Night,13-Jan-17,R,129,6.4,"Crime,Drama",31059,108000000,33000,10377558,54000
I'm Not Ashamed,21-Oct-16,PG-13,112,5.6,"Biography,Drama",1646,1500000,927161,2080932,2000
Teenage Mutant Ninja Turtles: Out of the Shadows,3-Jun-16,PG-13,112,6,"Action,Adventure,Comedy,Sci-Fi",61699,135000000,35316382,541226,15000
Spirits' Homecoming,25-Mar-16,Not Rated,127,7,Drama,234,1960000,7341,119113,213
Graduation,20-May-16,R,128,7.5,"Crime,Drama",6190,2000000,10305,175975,17000
The Last Film Festival,16-Sep-16,R,90,3.9,Comedy,161,650000,70,3506,186
The Transporter Refueled,4-Sep-15,PG-13,96,5.1,"Action,Comedy,Crime,Thriller",31203,25000000,7130000,16027866,95000
The Bronze,18-Mar-16,R,100,6,"Comedy,Drama",7151,3500000,386328,615654,23000
Victor Frankenstein,25-Nov-15,PG-13,110,6,"Drama,Horror,Sci-Fi,Thriller",38956,40000000,2350000,5773519,12000
Little Boy,24-Apr-15,PG-13,106,7.4,"Drama,War",18731,20000000,2750356,6420319,17000
Baahubali: The Beginning,9-Jul-15,Unrated,159,8.3,"Action,Adventure,Drama,Fantasy,War",78588,18026148,1405000,6498000,22000
Me and Earl and the Dying Girl,1-Jul-15,PG-13,105,7.8,"Comedy,Drama",93481,8000000,364039,6743776,17000
Our Brand Is Crisis,30-Oct-15,R,107,6.1,"Comedy,Drama",15624,28000000,3238433,6998324,7000
Blackhat,16-Jan-15,R,133,5.4,"Crime,Drama,Mystery,Thriller",43513,70000000,4415000,7097125,11000
Mortdecai,23-Jan-15,R,107,5.5,"Action,Comedy,Crime,Mystery,Romance",52859,60000000,4200586,7605668,12000
The Hateful Eight,30-Dec-15,R,167,7.8,"Crime,Drama,Mystery,Thriller,Western",347181,44000000,4610676,54116191,119000
A Walk in the Woods,2-Sep-15,R,104,6.3,"Adventure,Biography,Comedy,Drama",18038,8000000,8400000,29467855,25000
Crimson Peak,16-Oct-15,R,119,6.5,"Drama,Fantasy,Horror,Mystery,Romance,Thriller",99015,55000000,13143310,31056945,45000
Chappie,6-Mar-15,R,120,6.9,"Action,Crime,Drama,Sci-Fi,Thriller",190942,49000000,13346782,31569268,69000
Paper Towns,24-Jul-15,PG-13,109,6.3,"Drama,Mystery,Romance",73683,12000000,12650140,31990064,95000
Entourage,3-Jun-15,R,104,6.6,Comedy,65149,30000000,10283250,32361416,17000
The Second Best Exotic Marigold Hotel,6-Mar-15,PG,122,6.6,"Comedy,Drama",25322,10000000,8540370,33071558,21000
Woman in Gold,10-Apr-15,PG-13,109,7.3,"Biography,Drama,History",40394,11000000,2091551,33305037,39000
The DUFF,20-Feb-15,PG-13,101,6.5,Comedy,58677,8500000,10809149,34017854,82000
Hot Pursuit,8-May-15,PG-13,87,5.1,"Action,Comedy,Crime",39545,35000000,13942258,34507079,67000
Dope,19-Jun-15,R,103,7.3,"Comedy,Crime,Drama",67466,7000000,6100010,17474107,24000
Concussion,25-Dec-15,PG-13,123,7.1,"Biography,Drama,Sport",62359,35000000,10500000,34531832,25000
Pan,9-Oct-15,PG,111,5.8,"Adventure,Family,Fantasy",48459,150000000,15315435,34964818,24000
The Boy Next Door,23-Jan-15,R,91,4.6,"Mystery,Thriller",30470,4000000,14910105,35385560,82000
The Longest Ride,10-Apr-15,PG-13,123,7.1,"Drama,Romance",59318,34000000,13019686,37432299,24000
Brooklyn,25-Nov-15,PG-13,117,7.5,"Drama,Romance",96346,11000000,187281,38317535,42000
Stonewall,25-Sep-15,R,129,4.9,Drama,2356,13500000,112414,186354,36000
The Age of Adaline,24-Apr-15,PG-13,112,7.2,"Drama,Fantasy,Romance",114272,25000000,13203458,42478175,36000
Krampus,4-Dec-15,PG-13,98,6.2,"Comedy,Fantasy,Horror",42874,15000000,16293325,42592530,30000
Max,26-Jun-15,PG,111,6.8,"Adventure,Drama,Family",21695,20000000,12155254,42652003,34000
The Night Before,20-Nov-15,R,101,6.4,Comedy,44611,25000000,9880536,43035725,78000
Everest,25-Sep-15,PG-13,121,7.1,"Action,Adventure,Drama,Thriller",156801,55000000,7222035,43247140,42000
The Gift,7-Aug-15,R,108,7.1,"Mystery,Thriller",98972,5000000,11854273,43771291,17000
"McFarland, USA",20-Feb-15,PG,129,7.4,"Biography,Drama,Sport",27074,17000000,11020798,44469602,23000
Spotlight,20-Nov-15,R,128,8.1,"Crime,Drama,History",274512,20000000,295009,44988180,90000
The Man from U.N.C.L.E.,14-Aug-15,PG-13,116,7.3,"Action,Adventure,Comedy",206234,75000000,13535000,45434443,44000
Sicario,2-Oct-15,R,121,7.6,"Action,Crime,Drama,Mystery,Thriller",247624,30000000,401288,46875468,66000
Mr. Holmes,24-Jul-15,PG,104,6.9,"Drama,Mystery",49838,10000000,2434908,17735503,30000
Steve Jobs,23-Oct-15,R,122,7.2,"Biography,Drama",117736,30000000,521522,17750583,25000
Paranormal Activity: The Ghost Dimension,23-Oct-15,R,88,4.6,Horror,18658,10000000,8070493,18247445,13000
John Wick: Chapter 2,10-Feb-17,R,122,7.7,"Action,Crime,Thriller",148425,40000000,30436123,91970516,35000
Get Out,24-Feb-17,R,104,7.8,"Horror,Mystery",142289,5000000,33377060,175428355,39000
The Fate of the Furious,14-Apr-17,PG-13,136,6.9,"Action,Adventure,Crime,Thriller",105532,250000000,98786705,225197855,28000
Logan,3-Mar-17,R,137,8.2,"Action,Drama,Sci-Fi,Thriller",329025,97000000,88411916,226264245,67000
Baby Driver,28-Jun-17,R,112,8.4,"Action,Crime,Music,Thriller",33620,34000000,21000000,35029105,94000
King Arthur: Legend of the Sword,12-May-17,PG-13,126,7.2,"Action,Adventure,Drama,Fantasy",53640,175000000,15371270,38678121,19000
The Case for Christ,7-Apr-17,PG,112,6.3,Drama,1423,3000000,3967885,14678714,52000
The Zookeeper's Wife,7-Apr-17,PG-13,127,7,"Biography,Drama,History,War",7598,20000000,3288835,17407536,53000
Gifted,12-Apr-17,PG-13,101,7.7,Drama,15995,7000000,446380,24523969,71000
Fist Fight,17-Feb-17,R,91,5.7,Comedy,17606,20000000,14121149,32153522,29000
Ghost in the Shell,31-Mar-17,PG-13,107,6.6,"Action,Crime,Drama,Mystery,Sci-Fi,Thriller",70420,110000000,18676033,40533014,30000
Smurfs: The Lost Village,29-Jul-11,PG,90,5.9,"Animation,Adventure,Comedy,Family,Fantasy",5874,60000000,13210449,44708273,25000
xXx: Return of Xander Cage,20-Jan-17,PG-13,107,5.2,"Action,Adventure,Thriller",51972,85000000,20130142,44739591,16000
Baywatch,25-May-17,R,116,5.8,"Action,Comedy,Drama",21898,69000000,18100000,56656293,7000
The Shack,3-Mar-17,PG-13,132,6.4,"Drama,Fantasy",11858,20000000,16172119,57330873,25000
A Dog's Purpose,27-Jan-17,PG,100,6.7,"Adventure,Comedy,Drama,Family,Fantasy",30361,22000000,18222810,64304940,33000
Captain Underpants: The First Epic Movie,2-Jun-17,PG,89,6.8,"Animation,Action,Comedy,Family",2842,38000000,23851539,68145793,91000
Alien: Covenant,19-May-17,R,122,6.7,"Horror,Sci-Fi,Thriller",95673,97000000,36160621,73334769,51000
American Sniper,16-Jan-15,R,133,7.3,"Action,Biography,Drama,History,Thriller,War",356601,58800000,676909,350123553,112000
Taken 3,9-Jan-15,PG-13,109,6,"Action,Thriller",146116,48000000,39201657,89253340,38000
The Imitation Game,25-Dec-14,PG-13,114,8.1,"Biography,Drama,Thriller,War",536943,14000000,479352,91121452,171000
Non-Stop,28-Feb-14,PG-13,106,7,"Action,Mystery,Thriller",213500,50000000,28875635,91439400,25000
Heaven Is for Real,16-Apr-14,PG,99,5.8,"Biography,Drama,Family",22211,12000000,22522221,91443253,24000
Edge of Tomorrow,6-Jun-14,PG-13,113,7.9,"Action,Adventure,Sci-Fi",477015,178000000,28760246,100189501,79000
Noah,28-Mar-14,PG-13,138,5.8,"Action,Adventure,Drama",210808,125000000,43720472,101160529,72000
The Equalizer,26-Sep-14,R,132,7.2,"Action,Crime,Thriller",251350,55000000,34137828,101530738,57000
The Maze Runner,19-Sep-14,PG-13,113,6.8,"Action,Mystery,Sci-Fi,Thriller",338407,34000000,32512804,102413606,39000
300: Rise of an Empire,7-Mar-14,R,102,6.2,"Action,Fantasy",239584,110000000,45038460,106369117,71000
Mr. Peabody & Sherman,7-Mar-14,PG,92,6.9,"Animation,Adventure,Comedy,Family,Sci-Fi",51670,145000000,32207057,111505642,12000
Night at the Museum: Secret of the Tomb,19-Dec-14,PG,98,6.2,"Adventure,Comedy,Family,Fantasy",75915,127000000,17100520,113733726,11000
Unbroken,25-Dec-14,PG-13,137,7.2,"Biography,Drama,Sport,War",115176,65000000,31748000,115603980,35000
The Fault in Our Stars,6-Jun-14,PG-13,126,7.8,"Drama,Romance",274041,12000000,48002523,124868837,95000
Lucy,25-Jul-14,R,89,6.4,"Action,Sci-Fi,Thriller",356017,40000000,43899340,126546825,86000
Into the Woods,25-Dec-14,PG,125,6,"Adventure,Comedy,Drama,Fantasy,Musical",110831,50000000,31021000,127997349,91000
The Purge: Anarchy,18-Jul-14,R,103,6.5,"Action,Horror,Sci-Fi,Thriller",107652,9000000,29816675,71519230,15000
Hercules,25-Jul-14,PG-13,98,6,"Action,Adventure",123672,100000000,29800263,72660029,21000
Paddington,16-Jan-15,PG,95,7.2,"Comedy,Family,Fantasy",55432,55000000,25205000,76137505,30000
The Monuments Men,7-Feb-14,PG-13,118,6.1,"Drama,War",108690,70000000,22003433,78031620,34000
Let's Be Cops,13-Aug-14,R,104,6.5,Comedy,113448,17000000,17813722,82389560,14000
Penguins of Madagascar,26-Nov-14,PG,92,6.7,"Animation,Adventure,Comedy,Family,Sci-Fi",65232,132000000,25447444,83348920,11000
The Other Woman,25-Apr-14,PG-13,109,6,"Comedy,Romance",111530,40000000,24763752,83906114,17000
Annabelle,3-Oct-14,R,99,5.4,"Horror,Mystery,Thriller",92369,6500000,37134255,84263837,45000
Tammy,2-Jul-14,R,97,4.9,"Comedy,Romance",39422,20000000,21577049,84518155,11000
Fury,17-Oct-14,R,134,7.6,"Action,Drama,War",335427,68000000,23702421,85707116,84000
Annie,19-Dec-14,PG,118,5.3,"Comedy,Drama,Family,Musical",27648,65000000,15861939,85911262,16000
Dumb and Dumber To,14-Nov-14,PG-13,109,5.7,Comedy,105205,35000000,38053000,86208010,55000
Kingsman: The Secret Service,13-Feb-15,R,129,7.7,"Action,Adventure,Comedy,Thriller",445146,81000000,42000000,128248205,110000
Rio 2,11-Apr-14,G,101,6.4,"Animation,Adventure,Comedy,Family,Musical",63563,103000000,39327869,131536019,94000
Ride Along,17-Jan-14,PG-13,99,6.2,"Action,Comedy,Crime,Romance",83399,25000000,48626380,134141530,88000
Neighbors,9-May-14,R,97,6.3,Comedy,238686,18000000,49033915,150056505,21000
The Best of Me,17-Oct-14,PG-13,118,6.7,"Drama,Romance",49773,26000000,10003827,26761283,20000
Draft Day,11-Apr-14,PG-13,110,6.8,"Drama,Sport",42535,25000000,9783603,28831145,14000
When the Game Stands Tall,22-Aug-14,PG,115,6.7,"Drama,Family,Sport",13477,15000000,8381509,30127963,78000
Get on Up,1-Aug-14,PG-13,139,6.9,"Biography,Drama,Music",17095,30000000,13585915,30513940,11000
Deliver Us from Evil,2-Jul-14,R,118,6.2,"Horror,Mystery,Thriller",57880,30000000,9740471,30523568,18000
3 Days to Kill,21-Feb-14,PG-13,117,6.2,"Action,Drama,Thriller",74118,28000000,12242218,30688364,10000
Chef,30-May-14,R,114,7.3,"Comedy,Drama",153212,11000000,204961,31237528,101000
Unfriended,17-Apr-15,R,83,5.6,"Drama,Horror,Mystery,Thriller",51216,1000000,15845115,31537320,13000
Nightcrawler,31-Oct-14,R,118,7.9,"Crime,Drama,Thriller",337331,8500000,10441000,32279955,69000
Paranormal Activity: The Marked Ones,3-Jan-14,R,84,5,"Horror,Thriller",33838,5000000,18343611,32453345,10000
The Gambler,25-Dec-14,R,111,6,"Crime,Drama,Thriller",52963,25000000,9300000,33631221,93000
This Is Where I Leave You,19-Sep-14,R,103,6.6,"Comedy,Drama",58856,19800000,11558149,34290142,14000
The Theory of Everything,26-Nov-14,PG-13,123,7.7,"Biography,Drama,Romance",302788,15000000,208763,35887263,93000
Million Dollar Arm,16-May-14,PG,124,7,"Biography,Drama,Sport",37909,25000000,10515659,36447959,10000
Wild,19-Dec-14,R,115,7.1,"Adventure,Biography,Drama",96531,15000000,606810,37877959,39000
Sex Tape,18-Jul-14,R,94,5.1,"Comedy,Romance",90559,40000000,14608152,38543473,89000
My Old Lady,21-Nov-14,PG-13,107,6.3,"Drama,Romance",6656,5000000,124680,4011530,33000
The Water Diviner,26-Dec-14,R,111,7.1,"Drama,War",59808,22500000,1220335,4190530,18000
A Most Violent Year,30-Jan-15,R,125,7,"Action,Crime,Drama,Thriller",51420,20000000,188000,5749134,81000
The Loft,30-Jan-15,R,108,6.3,"Mystery,Romance,Thriller",39294,14000000,2879000,5981749,58000
The Interview,24-Dec-14,R,112,6.6,Comedy,263214,44000000,1085515,6105175,50000
While We're Young,17-Apr-15,R,97,6.3,"Comedy,Drama,Mystery",34462,10000000,227688,7574066,67000
Vampire Academy,7-Feb-14,PG-13,104,5.6,"Action,Comedy,Fantasy,Horror,Mystery",44501,30000000,3921742,7791146,14000
Inherent Vice,9-Jan-15,R,148,6.7,"Comedy,Crime,Drama,Mystery,Romance",70454,20000000,328184,8093318,19000
The Quiet Ones,25-Apr-14,PG-13,98,5.1,Horror,16385,200000,3880053,8496112,39000
Moms' Night Out,9-May-14,PG,98,5.4,Comedy,11249,5000000,4311083,10429707,71000
Sabotage,28-Mar-14,R,109,5.7,"Action,Crime,Drama,Thriller",50400,35000000,5272444,10499968,10000
Magic in the Moonlight,15-Aug-14,PG-13,97,6.6,"Comedy,Romance",51981,16800000,412095,10506939,12000
The Rover,20-Jun-14,R,103,6.4,"Crime,Drama",36330,8500000,69302,1109199,8000
99 Homes,9-Oct-15,R,112,7.1,Drama,21427,8000000,32253,1410915,47000
Maps to the Stars,27-Feb-15,R,111,6.2,"Comedy,Drama",30887,15000000,143422,347648,8000
God Help the Girl,5-Sep-14,Unrated,112,6.4,"Drama,Musical,Romance",7209,1850000,11330,101542,26000
God's Pocket,8-Aug-14,R,88,6.1,"Crime,Drama",8853,1000000,23400,104401,27000
Escobar: Paradise Lost,26-Jun-15,R,120,6.6,"Crime,Drama,History,Romance,Thriller",16418,17000000,106869,106869,6000
NightLights,15-Aug-14,R,97,7.9,Drama,64,250000,600,21099,206
Winter's Tale,14-Feb-14,PG-13,118,6.2,"Drama,Fantasy,Mystery,Romance",44448,60000000,8007059,22451,17000
Bhopal: A Prayer for Rain,7-Nov-14,Unrated,96,7.3,"Drama,History",1690,6000000,5948,5948,15000
The Hunger Games: Catching Fire,22-Nov-13,PG-13,146,7.6,"Action,Adventure,Mystery,Sci-Fi,Thriller",528987,130000000,158074286,424645577,82000
Olympus Has Fallen,22-Mar-13,R,119,6.5,"Action,Thriller",216317,70000000,30373794,98895417,46000
This Is the End,12-Jun-13,R,107,6.6,"Comedy,Fantasy",330056,32000000,20719162,101470202,99000
Pacific Rim,12-Jul-13,PG-13,131,7,"Action,Adventure,Sci-Fi",402800,190000000,37285325,101785482,83000
Bad Grandpa,25-Oct-13,R,92,6.6,Comedy,80941,15000000,32055177,101978840,26000
Captain Phillips,11-Oct-13,PG-13,134,7.8,"Biography,Drama,Thriller",348607,55000000,25718314,107100855,67000
Epic,24-May-13,PG,102,6.7,"Animation,Adventure,Family,Fantasy",89739,100000000,33531068,107515297,17000
The Hangover Part III,23-May-13,R,100,5.9,"Comedy,Crime",241300,103000000,41671198,112186625,50000
Lee Daniels' The Butler,16-Aug-13,PG-13,132,7.2,"Biography,Drama",93846,30000000,24637312,116631310,42000
The Wolf of Wall Street,25-Dec-13,R,180,8.2,"Biography,Comedy,Crime,Drama",874704,100000000,18510000,116866727,139000
Now You See Me,31-May-13,PG-13,115,7.3,"Crime,Mystery,Thriller",496484,75000000,29254674,117698894,106000
Cloudy with a Chance of Meatballs 2,27-Sep-13,PG,95,6.5,"Animation,Adventure,Comedy,Family,Fantasy,Sci-Fi",70173,78000000,34017930,119793567,15000
G.I. Joe: Retaliation,28-Mar-13,PG-13,110,5.8,"Action,Adventure,Sci-Fi,Thriller",153046,130000000,40501814,122512052,42000
Lone Survivor,10-Jan-14,R,121,7.5,"Action,Biography,Drama,Thriller,War",220991,40000000,84857,125069696,59000
The Wolverine,26-Jul-13,PG-13,126,6.7,"Action,Adventure,Sci-Fi,Thriller",359257,120000000,53113752,132550960,68000
Grown Ups 2,12-Jul-13,PG-13,101,5.4,Comedy,115485,80000000,41508572,133668525,14000
Percy Jackson: Sea of Monsters,7-Aug-13,PG,106,5.9,"Adventure,Family,Fantasy",92502,90000000,14401054,68558662,29000
The Best Man Holiday,15-Nov-13,R,123,6.7,"Comedy,Drama",12181,17000000,30107555,70492685,7000
The Smurfs 2,31-Jul-13,PG,105,5.4,"Animation,Adventure,Comedy,Family,Fantasy",29834,105000000,17548389,71017784,71000
Safe Haven,14-Feb-13,PG-13,115,6.7,"Drama,Romance,Thriller",85652,28000000,21401594,71346930,24000
Mama,18-Jan-13,PG-13,100,6.2,"Horror,Thriller",143367,20000000,28402310,71588220,58000
White House Down,28-Jun-13,PG-13,131,6.4,"Action,Drama,Thriller",174445,150000000,24852258,73103784,33000
2 Guns,2-Aug-13,R,109,6.7,"Action,Comedy,Crime,Thriller",166701,61000000,27059130,75573300,22000
Turbo,17-Jul-13,PG,96,6.5,"Animation,Adventure,Comedy,Family,Sci-Fi,Sport",66620,135000000,21312625,83024900,13000
Saving Mr. Banks,20-Dec-13,PG-13,125,7.5,"Biography,Comedy,Drama,Family,Music",126479,35000000,413373,83299761,40000
Insidious: Chapter 2,13-Sep-13,PG-13,106,6.6,"Horror,Mystery,Thriller",120218,5000000,40272103,83574831,35000
Oblivion,19-Apr-13,PG-13,124,7,"Action,Adventure,Mystery,Sci-Fi",413049,120000000,37054485,89021735,71000
The Lone Ranger,3-Jul-13,PG-13,150,6.5,"Action,Adventure,Western",192299,215000000,29210849,89289910,48000
Planes,9-Aug-13,PG,91,5.8,"Animation,Adventure,Comedy,Family",36839,50000000,22232291,90282580,12000
Elysium,9-Aug-13,R,109,6.6,"Action,Drama,Sci-Fi,Thriller",361697,115000000,29807393,93050117,61000
42,12-Apr-13,PG-13,128,7.5,"Biography,Drama,Sport",70101,40000000,27487144,95001343,28000
Identity Thief,8-Feb-13,R,111,5.7,"Comedy,Crime",103644,35000000,34551025,134455175,17000
The Incredible Burt Wonderstone,15-Mar-13,PG-13,100,5.9,Comedy,63079,30000000,10177257,22525921,13000
Don Jon,27-Sep-13,R,90,6.6,"Comedy,Drama,Romance",201106,3000000,8677009,24475193,33000
Escape Plan,18-Oct-13,R,115,6.7,"Action,Crime,Mystery,Sci-Fi,Thriller",189402,50000000,9885732,25121291,34000
Her,10-Jan-14,R,126,8,"Drama,Romance,Sci-Fi",394937,23000000,260382,25556065,152000
21 & Over,1-Mar-13,R,93,5.9,Comedy,63937,13000000,8754168,25675765,11000
The World's End,23-Aug-13,R,109,7,"Action,Comedy,Sci-Fi",202331,20000000,8790237,26003149,50000
The Host,29-Mar-13,PG-13,125,5.9,"Action,Adventure,Romance,Sci-Fi,Thriller",97421,40000000,10600112,26616999,43000
Rush,27-Sep-13,R,123,8.1,"Action,Biography,Drama,History,Sport",343077,38000000,187289,26903709,84000
Dallas Buyers Club,22-Nov-13,R,117,8,"Biography,Drama",355482,5000000,260865,27296514,66000
Oculus,11-Apr-14,R,104,6.5,"Horror,Mystery",93742,5000000,12005402,27689474,24000
Kick-Ass 2,16-Aug-13,R,103,6.6,"Action,Comedy,Crime",216515,28000000,13332955,28751715,36000
Grudge Match,25-Dec-13,PG-13,113,6.4,"Comedy,Drama,Sport",49421,40000000,7310000,29802761,12000
Delivery Man,22-Nov-13,PG-13,105,6.4,"Comedy,Drama",64115,26000000,7944977,30659817,86000
The Mortal Instruments: City of Bones,21-Aug-13,PG-13,130,5.9,"Action,Fantasy,Horror,Mystery,Romance",112958,60000000,9336957,31165421,44000
Scary Movie 5,12-Apr-13,PG-13,88,3.5,Comedy,53455,20000000,14157367,32014289,13000
Side Effects,8-Feb-13,R,106,7.1,"Crime,Drama,Thriller",155656,30000000,9303145,32154410,30000
The Lunchbox,20-Sep-13,PG,104,7.8,"Drama,Romance",35838,1000000,44542,4231500,17000
The Railway Man,23-May-14,R,116,7.1,"Biography,Drama,Romance,War",30537,18000000,61845,4435083,18000
Snowpiercer,11-Jul-14,R,126,7,"Action,Drama,Sci-Fi,Thriller",201894,39200000,171187,4563029,61000
The Wind Rises,21-Feb-14,PG-13,126,7.8,"Animation,Biography,Drama,History,Romance,War",50094,30000000,313751,5201879,19000
Closed Circuit,28-Aug-13,R,96,6.2,"Crime,Drama,Mystery,Thriller",18562,15000000,3116885,5733310,3000
The Bling Ring,21-Jun-13,R,90,5.6,"Biography,Crime,Drama",71733,8000000,212537,5841046,11000
All Is Lost,7-Nov-13,PG-13,106,6.9,"Action,Adventure,Drama",63517,9000000,93583,6262942,19000
The Grandmaster,30-Aug-13,PG-13,130,6.5,"Action,Biography,Drama,Romance,War",26160,38600000,132617,6594136,14000
The Spectacular Now,13-Sep-13,R,95,7.1,"Comedy,Drama,Romance",117066,2500000,197415,6851969,10000
Black Nativity,27-Nov-13,PG,93,4.4,"Drama,Family,Music,Musical",1740,17500000,3669530,7017178,18000
The Green Inferno,25-Sep-15,R,100,5.4,"Adventure,Horror",27006,6000000,3520626,7186670,13000
Machete Kills,11-Oct-13,R,107,5.6,"Action,Crime,Sci-Fi,Thriller",63107,20000000,3837183,7268659,48000
Paranoia,16-Aug-13,PG-13,106,5.7,"Drama,Thriller",30507,35000000,3528376,7376027,55000
Stalingrad,10-Oct-13,R,131,5.7,"Action,Drama,War",13035,30000000,510846,1013945,58000
Third Person,14-Nov-14,R,137,6.4,"Drama,Romance",22350,28000000,38856,1019038,59000
The Past,17-May-13,PG-13,130,7.8,"Drama,Mystery",36470,11000000,29270,1330596,17000
Prince Avalanche,19-Sep-13,R,94,6.4,"Comedy,Drama",16583,725000,36694,204951,3000
The Zero Theorem,19-Aug-14,R,107,6.1,"Drama,Fantasy,Sci-Fi",37755,8500000,83803,219438,15000
Blue Ruin,9-Jul-14,R,90,7.1,"Crime,Drama,Thriller",49926,1066167,32608,258113,82000
Life of Crime,29-Aug-14,R,98,5.8,"Comedy,Crime",13917,12000000,131422,261695,22000
The Face of Love,25-Oct-13,PG-13,92,6.2,"Drama,Romance",3869,4000000,24660,309427,14000
Jealousy,22-Aug-14,Not Rated,77,6.4,Drama,1218,4000000,5533,60426,216
Filth,24-Apr-14,R,97,7.1,"Comedy,Crime,Drama",82283,5000000,7526,34321,25000
Underdogs,6-Apr-13,PG,102,5.8,"Drama,Family,Sport",832,2500000,5371,34810,384
Redemption,28-Jun-13,R,100,6.2,"Action,Crime,Drama,Thriller",55556,20000000,19768,34956,91000
The Sacrament,1-May-14,R,99,6.1,"Horror,Thriller",13292,4000000,583,9039,28000
A Perfect Man,31-Oct-13,R,95,5.2,"Drama,Romance",1578,5000000,388,388,410
The Avengers,4-May-12,PG-13,143,8.1,"Action,Sci-Fi",1051844,220000000,207438708,623279547,123000
Battleship,18-May-12,PG-13,131,5.8,"Action,Adventure,Sci-Fi,Thriller",211407,209000000,25534825,65173160,44000
Looper,28-Sep-12,R,113,7.4,"Action,Crime,Drama,Sci-Fi,Thriller",455466,30000000,20801552,66468315,76000
Contraband,13-Jan-12,R,109,6.5,"Action,Crime,Drama,Thriller",105394,25000000,24349815,66489425,96000
This Is 40,21-Dec-12,R,134,6.2,"Comedy,Romance",108662,35000000,11579175,67523385,18000
Act of Valor,24-Feb-12,R,110,6.5,"Action,Adventure,Drama,Thriller,War",60252,12000000,24476632,70011073,15000
John Carter,9-Mar-12,PG-13,132,6.6,"Action,Adventure,Sci-Fi",221883,250000000,30180188,73058679,24000
Parental Guidance,25-Dec-12,PG,105,6.1,"Comedy,Family",22089,25000000,14554053,77264926,54000
Dark Shadows,11-May-12,PG-13,113,6.2,"Comedy,Fantasy,Horror",210794,150000000,29685274,79711678,82000
Wrath of the Titans,30-Mar-12,PG-13,99,5.8,"Action,Adventure,Fantasy",160179,150000000,33457188,83640426,19000
The Expendables 2,17-Aug-12,R,103,6.6,"Action,Adventure,Thriller",258797,100000000,28591370,85017401,108000
The Campaign,10-Aug-12,R,85,6.2,Comedy,111097,95000000,26588460,86897182,18000
Flight,2-Nov-12,R,138,7.3,"Drama,Thriller",277803,31000000,24900566,93749203,64000
Zero Dark Thirty,11-Jan-13,R,157,7.4,"Drama,History,Thriller",227986,40000000,417150,95720716,40000
Hope Springs,8-Aug-12,PG-13,100,6.3,"Comedy,Drama,Romance",36077,30000000,14650121,63536011,97000
Chronicle,3-Feb-12,PG-13,89,7.1,"Sci-Fi,Thriller",214261,12000000,22004098,64572496,33000
Mirror Mirror,30-Mar-12,PG,106,5.6,"Adventure,Comedy,Drama,Family,Fantasy",73983,85000000,18132085,64933670,18000
Pitch Perfect,5-Oct-12,PG-13,112,7.2,"Comedy,Music,Romance",228507,17000000,5149433,64998368,37000
Rise of the Guardians,21-Nov-12,PG,97,7.3,"Animation,Adventure,Family,Fantasy",131814,145000000,23773465,103400692,25000
Journey 2: The Mysterious Island,10-Feb-12,PG,94,5.8,"Action,Adventure,Comedy,Family,Fantasy,Sci-Fi",72430,79000000,27335363,103812241,74000
The Bourne Legacy,10-Aug-12,PG-13,135,6.7,"Action,Adventure,Mystery,Romance,Thriller",246965,125000000,38142825,113165635,31000
Magic Mike,29-Jun-12,R,110,6.1,"Comedy,Drama",114370,7000000,39127170,113709992,54000
Life of Pi,21-Nov-12,PG,127,7.9,"Adventure,Drama,Fantasy",474979,120000000,22451514,124976634,123000
The Vow,10-Feb-12,PG-13,104,6.8,"Drama,Romance",157419,30000000,41202458,125014030,33000
Safe House,10-Feb-12,R,115,6.8,"Action,Crime,Mystery,Thriller",175557,85000000,40172720,126149655,19000
Prometheus,8-Jun-12,R,124,7,"Adventure,Mystery,Sci-Fi",493728,130000000,51050101,126464904,99000
Silver Linings Playbook,25-Dec-12,R,122,7.8,"Comedy,Drama,Romance",567810,21000000,443003,132088910,118000
Argo,12-Oct-12,R,120,7.7,"Biography,Drama,History,Thriller",484572,44500000,19458109,136019448,90000
21 Jump Street,16-Mar-12,R,110,7.2,"Action,Comedy,Crime",435342,42000000,36302612,138447667,38000
Taken 2,5-Oct-12,PG-13,92,6.3,"Action,Crime,Thriller",251824,45000000,49514769,139852971,63000
Man on a Ledge,27-Jan-12,PG-13,102,6.6,"Action,Crime,Thriller",129811,42000000,8001932,18600911,11000
The Impossible,4-Jan-13,PG-13,114,7.6,"Drama,Thriller",157803,45000000,143818,18996755,55000
Big Miracle,3-Feb-12,PG,107,6.5,"Biography,Drama,Romance",15947,40000000,7760205,20113965,6000
Premium Rush,24-Aug-12,PG-13,91,6.5,"Action,Crime,Thriller",99324,35000000,6300000,20275446,20000
The Place Beyond the Pines,19-Apr-13,R,140,7.3,"Crime,Drama,Thriller",202170,15000000,279457,21383298,48000
Mud,10-May-13,PG-13,130,7.4,Drama,143914,10000000,2215460,21589307,28000
Sparkle,17-Aug-12,PG-13,116,5.7,"Drama,Music",5296,17000000,11643342,24397469,35000
Alex Cross,19-Oct-12,PG-13,101,5.1,"Action,Crime,Mystery,Thriller",29414,35000000,11396768,25863915,11000
One for the Money,27-Jan-12,PG-13,91,5.3,"Action,Comedy,Crime,Romance,Thriller",35833,40000000,11515790,26404753,19000
Cloud Atlas,26-Oct-12,R,172,7.5,"Drama,Sci-Fi",300410,102000000,9612247,27098580,126000
The Five-Year Engagement,27-Apr-12,R,124,6.2,"Comedy,Romance",82300,30000000,10610060,28644770,11000
The Pirates! Band of Misfits,27-Apr-12,PG,88,6.7,"Animation,Adventure,Comedy,Family",38467,55000000,11137734,31051126,77000
House at the End of the Street,21-Sep-12,PG-13,101,5.6,"Drama,Horror,Thriller",61468,6900000,12287234,31607598,10000
The Watch,27-Jul-12,R,102,5.7,"Action,Comedy,Sci-Fi",108615,68000000,12750297,34350553,16000
Jab Tak Hai Jaan,13-Nov-12,Not Rated,198,6.9,"Drama,Family,Romance",45042,7217600,1283585,3047539,12000
Robot & Frank,19-Sep-12,PG-13,89,7.1,"Comedy,Crime,Drama,Sci-Fi",55022,2500000,35539,3325638,13000
Atlas Shrugged II: The Strike,12-Oct-12,PG-13,111,5.4,"Drama,Mystery,Sci-Fi",5862,10000000,1746025,3333823,33000
The Cold Light of Day,7-Sep-12,PG-13,93,4.9,"Action,Thriller",30413,20000000,1831588,3749061,48000
The Apparition,24-Aug-12,PG-13,83,4.1,"Horror,Thriller",16953,17000000,2955000,4930798,67000
The Company You Keep,26-Apr-13,R,125,6.4,"Drama,Thriller",27548,2000000,131718,5132442,6000
On the Road,23-May-12,R,124,6.1,"Adventure,Drama,Romance",35154,25000000,39550,717753,27000
Cosmopolis,25-May-12,R,109,5,Drama,39254,20500000,70339,743636,11000
What Maisie Knew,3-May-13,R,93,7.5,Drama,23209,6000000,21480,1065000,8000
Stolen,6-Sep-12,R,96,5.5,"Action,Crime,Drama,Thriller",38644,35000000,183125,183125,98000
Tim and Eric's Billion Dollar Movie,27-Jan-12,R,93,5.3,Comedy,8392,3000000,87475,200803,99000
My Uncle Rafael,21-Sep-12,PG-13,102,5.7,Comedy,180,1300000,109748,210156,52
Deadfall,9-Nov-12,R,95,6.3,"Crime,Drama,Thriller",34028,12000000,19391,65804,49000
30 Beats,16-Nov-12,R,88,4.1,"Comedy,Romance",804,1000000,8624,14686,148
The Samaritan,20-Apr-12,R,90,5.6,"Crime,Drama,Thriller",8052,12000000,1744,1744,16000
ATM,2-Mar-12,R,90,4.7,"Horror,Thriller",19890,3000000,2034,2034,45000
The Ghastly Love of Johnny X,3-Mar-12,Not Rated,106,5.7,"Comedy,Fantasy,Musical,Sci-Fi",362,2000000,86,2436,774
Harry Potter and the Deathly Hallows: Part 2,15-Jul-11,PG-13,130,8.1,"Adventure,Drama,Fantasy,Mystery",596460,125000000,169189427,380955619,45000
Gnomeo & Juliet,11-Feb-11,G,84,6,"Animation,Comedy,Family,Romance",44791,36000000,4755125.666,99808609,15000
Cowboys & Aliens,29-Jul-11,PG-13,119,6,"Action,Sci-Fi,Thriller,Western",180513,163000000,36431290,100215116,36000
Bad Teacher,24-Jun-11,R,92,5.7,Comedy,167824,20000000,31603106,100292856,16000
The Girl with the Dragon Tattoo,21-Dec-11,R,158,7.8,"Crime,Drama,Mystery,Thriller",350858,90000000,12750000,102515793,55000
Just Go with It,11-Feb-11,PG-13,117,6.4,"Comedy,Romance",183315,80000000,2628508.19,103028109,19000
Paranormal Activity 3,21-Oct-11,R,83,5.8,Horror,80061,5000000,52568183,104007828,24000
Green Lantern,17-Jun-11,PG-13,114,5.6,"Action,Adventure,Sci-Fi",233241,200000000,53174303,116593191,24000
Horrible Bosses,8-Jul-11,R,106,6.9,"Comedy,Crime",370611,35000000,28302165,117528646,31000
Rango,4-Mar-11,PG,107,7.2,"Animation,Adventure,Comedy,Family,Western",195553,135000000,2645212.966,123207194,26000
Super 8,10-Jun-11,PG-13,112,7.1,"Mystery,Sci-Fi,Thriller",300350,50000000,35451168,126975169,37000
Alvin and the Chipmunks: Chipwrecked,16-Dec-11,G,87,4.4,"Animation,Adventure,Comedy,Family,Fantasy,Music",24470,75000000,23244744,133103929,51000
Rio,15-Apr-11,G,96,6.9,"Animation,Adventure,Comedy,Family,Musical",175011,90000000,2447041.498,143618384,19000
No Strings Attached,21-Jan-11,R,108,6.2,"Comedy,Romance",179423,25000000,19652921,70625986,24000
Dolphin Tale,23-Sep-11,PG,113,6.9,"Drama,Family",18851,37000000,19152401,72279690,10000
Hugo,23-Nov-11,PG,126,7.5,"Adventure,Drama,Family,Fantasy,Mystery,Romance",260789,150000000,11364505,73820094,43000
Jack and Jill,11-Nov-11,PG,91,3.4,Comedy,64126,79000000,25003575,74158157,91000
Moneyball,23-Sep-11,PG-13,133,7.6,"Biography,Drama,Sport",299022,50000000,19501302,75605492,28000
We Bought a Zoo,23-Dec-11,PG,124,7.1,"Comedy,Drama,Family",117575,50000000,9450000,75621915,23000
Contagion,9-Sep-11,PG-13,106,6.6,"Drama,Thriller",187980,60000000,22403596,75638743,42000
The Adventures of Tintin,21-Dec-11,PG,107,7.4,"Animation,Action,Adventure,Family,Mystery",185777,135000000,9705000,77564037,44000
Tower Heist,4-Nov-11,PG-13,104,6.2,"Action,Comedy,Crime",115259,75000000,24025190,78009155,93000
Limitless,18-Mar-11,PG-13,105,7.4,"Mystery,Sci-Fi,Thriller",447710,27000000,18907302,79235468,66000
War Horse,25-Dec-11,PG-13,146,7.2,"Drama,War",123425,66000000,7512000,79883359,29000
The Descendants,9-Dec-11,R,115,7.3,"Comedy,Drama",212083,20000000,7345720,82624961,22000
Immortals,11-Nov-11,R,110,6,"Action,Drama,Fantasy,Romance",143574,75000000,32206425,83503161,30000
Battle Los Angeles,11-Mar-11,PG-13,116,5.8,"Action,Sci-Fi",159684,70000000,2894299.456,83552429,25000
Priest,13-May-11,PG-13,87,5.7,"Action,Fantasy,Horror,Sci-Fi,Thriller",101134,60000000,639324.1434,29136626,21000
The Iron Lady,13-Jan-12,PG-13,105,6.4,"Biography,Drama",87705,13000000,220409,29959436,18000
Extremely Loud & Incredibly Close,20-Jan-12,PG-13,129,6.9,"Adventure,Drama,Mystery",86452,40000000,110775,31836745,40000
Arthur,8-Apr-11,PG-13,110,5.7,"Comedy,Romance",46849,40000000,12222756,33015696,96000
The Rite,28-Jan-11,PG-13,114,6,"Drama,Horror,Mystery,Thriller",79259,37000000,14789393,33037754,24000
50/50,30-Sep-11,R,100,7.7,"Comedy,Drama,Romance",282995,8000000,8644095,34963967,40000
A Very Harold & Kumar 3D Christmas,4-Nov-11,R,90,6.3,"Adventure,Comedy",57951,19000000,12954142,35033759,21000
Drive,16-Sep-11,R,100,7.8,"Crime,Drama",465094,15000000,11340461,35054909,83000
Larry Crowne,1-Jul-11,PG-13,98,6.1,"Comedy,Drama,Romance",52667,30000000,16098795,35565975,82000
Sucker Punch,25-Mar-11,PG-13,110,6.1,"Action,Fantasy",205970,82000000,19058199,36381716,42000
Colombiana,26-Aug-11,PG-13,108,6.4,"Action,Crime,Drama,Thriller",80254,40000000,10408176,36665854,15000
The Change-Up,5-Aug-11,R,112,6.3,"Comedy,Fantasy",142549,52000000,13531115,37035845,13000
30 Minutes or Less,12-Aug-11,R,83,6.1,"Action,Comedy,Crime",81641,28000000,13330118,37053924,78000
A Dangerous Method,10-Nov-11,R,99,6.5,"Biography,Drama,Romance,Thriller",85750,21291000,167953,5702083,36000
A Separation,16-Mar-11,PG-13,123,8.4,"Drama,Mystery",167075,500000,59481,7098492,49000
Friends with Kids,16-Mar-12,R,107,6.2,"Comedy,Drama,Romance",37422,10000000,2017466,7250054,53000
Johnny English Reborn,21-Oct-11,PG,101,6.3,"Action,Adventure,Comedy,Crime",94596,45000000,3833300,8129455,17000
Bernie,22-Jun-12,PG-13,99,6.8,"Biography,Comedy,Crime,Drama",48894,5000000,85805,9203192,15000
Prom,29-Apr-11,PG,104,5.4,"Comedy,Drama",13337,8000000,4712638,10106233,25000
Straw Dogs,16-Sep-11,R,110,5.8,"Action,Drama,Thriller",28433,25000000,5123760,10324441,71000
Drive Angry,25-Feb-11,R,104,5.4,"Action,Fantasy,Thriller",84783,50000000,1051464.619,10706786,15000
Dark Horse,29-Jun-12,Not Rated,86,5.9,"Comedy,Drama",4756,2000000,13551,940430,12000
The Beaver,19-May-11,PG-13,91,6.7,Drama,42083,21000000,107577,958319,17000
Rampart,24-Feb-12,R,108,5.8,"Crime,Drama",20654,12000000,60446,969239,35000
Rockstar,11-Nov-11,Not Rated,159,7.6,"Drama,Music,Musical,Romance",29128,10920000,612235,985912,23000
From Up on Poppy Hill,16-Jul-11,PG,91,7.4,"Animation,Drama,Family",21749,22000000,57585,1000878,44000
There Be Dragons,25-Mar-11,PG-13,122,5.8,"Biography,Drama,War",4043,36000000,705537,1068392,2000
Kill the Irishman,11-May-12,R,106,7.1,"Biography,Crime,Drama",37292,12000000,145430,1187711,13000
Another Earth,12-Oct-11,PG-13,92,7,"Drama,Romance,Sci-Fi",77576,100000,77740,1316074,22000
Elles,1-Feb-12,NC-17,99,5.7,Drama,5262,5677600,24286,157427,12000
Restless,6-Apr-11,PG-13,91,6.8,"Drama,Romance",15738,15000000,15467,163141,53000
Touchback,13-Apr-12,PG-13,118,6.5,"Drama,Family,Fantasy,Sport",3344,5000000,66993,204068,17000
Margaret,1-Jun-12,R,150,6.5,Drama,13493,14000000,7525,46495,33000
Faust,15-Nov-13,Not Rated,140,6.6,"Drama,Fantasy",4306,11355200,10030,58104,13000
Goodbye First Love,6-Jul-11,Not Rated,110,6.6,"Drama,Romance",3832,5109840,21077,62890,729
Battle of the Brides,6-May-11,PG-13,100,6.3,Comedy,162,500000,23612,64302,11
Shaolin,27-Jan-11,R,131,6.9,"Action,Drama",16772,29000000,19132,64327,6000
Intruders,7-Oct-11,R,100,5.4,"Fantasy,Horror,Thriller",18362,13000000,40746,64727,35000
The Rabbi's Cat,1-Jun-11,Not Rated,100,7.2,"Animation,Comedy,Fantasy",2526,17742500,4301,16659,1000
Trespass,21-Oct-11,R,91,5.3,"Crime,Thriller",36199,35000000,16816,16816,54000
5 Days of War,6-Jun-11,R,113,5.6,"Action,Drama,War",12493,20000000,6254,17149,48000
"Love, Wedding, Marriage",24-Jun-11,PG-13,90,5,Comedy,8046,1200000,1378,1378,16000
Sidewalls,26-Oct-11,Unrated,95,7.6,"Comedy,Drama",11314,11000000,1304,1734,67000
Sleepless Night,11-May-12,Not Rated,103,6.7,"Action,Crime,Thriller",3851,3548500,2106,2106,926
Breathing,31-Aug-12,Not Rated,94,7,Drama,2402,1419400,949,3342,315
The Good Doctor,31-Aug-12,PG-13,91,5.6,"Drama,Thriller",5442,6000000,3180,4106,1000
Toy Story 3,18-Jun-10,G,103,8.3,"Animation,Adventure,Comedy,Family,Fantasy",592345,200000000,109000000,414984497,30000
RED,15-Oct-10,PG-13,111,7.1,"Action,Comedy,Crime,Thriller",251534,58000000,21761408,90356857,33000
Prince of Persia: The Sands of Time,28-May-10,PG-13,116,6.6,"Action,Adventure,Fantasy,Romance",234632,200000000,2091972.503,90755643,23000
The Town,17-Sep-10,R,125,7.6,"Crime,Drama,Thriller",296200,37000000,23808032,92173235,29000
The Fighter,17-Dec-10,R,116,7.8,"Action,Biography,Drama,Sport",291641,25000000,300010,93571803,36000
The Book of Eli,15-Jan-10,R,118,6.9,"Action,Adventure,Drama,Thriller",243066,80000000,1879787.126,94822707,21000
Sex and the City 2,27-May-10,R,146,4.3,"Comedy,Drama,Romance",62805,100000000,9372559.124,95328937,86000
The Social Network,1-Oct-10,PG-13,120,7.7,"Biography,Drama",513634,40000000,22445653,96917897,75000
Date Night,9-Apr-10,PG-13,88,6.3,"Comedy,Crime,Romance,Thriller",133839,55000000,25207599,98711404,73000
Due Date,5-Nov-10,R,95,6.6,"Comedy,Drama",284306,65000000,3579662.596,100448498,25000
The Expendables,13-Aug-10,R,103,6.5,"Action,Adventure,Thriller",285035,80000000,34825135,102981571,58000
The Chronicles of Narnia: The Voyage of the Dawn Treader,10-Dec-10,PG,113,6.3,"Adventure,Family,Fantasy",114398,155000000,3753648.044,104383624,11000
Robin Hood,14-May-10,PG-13,140,6.7,"Action,Adventure,Drama,History,Romance",222356,200000000,8773856.566,105219735,17000
Black Swan,17-Dec-10,R,108,8,"Drama,Thriller",585129,13000000,1443809,106952327,106000
Valentine's Day,12-Feb-10,PG-13,125,5.7,"Comedy,Romance",99729,52000000,5694885.239,110476776,91000
A Nightmare on Elm Street,30-Apr-10,R,95,5.2,"Horror,Mystery,Thriller",78997,35000000,32902299,63059655,11000
The Sorcerer's Apprentice,14-Jul-10,PG,109,6.1,"Action,Adventure,Family,Fantasy",131579,150000000,17619622,63143812,11000
The Bounty Hunter,19-Mar-10,PG-13,110,5.5,"Action,Comedy,Romance",102565,40000000,3135551.042,67061228,45000
The Tourist,10-Dec-10,PG-13,103,6,"Action,Crime,Romance,Thriller",187496,100000000,2046315.989,67631157,25000
Knight and Day,23-Jun-10,PG-13,109,6.3,"Action,Comedy,Romance",156021,117000000,20139985,76418654,11000
The A-Team,11-Jun-10,PG-13,117,6.8,"Action,Adventure,Comedy,Crime,Thriller",220262,110000000,25669455,77213489,21000
Eat Pray Love,13-Aug-10,PG-13,133,5.7,"Drama,Romance",68641,60000000,23104523,80574010,27000
Unstoppable,12-Nov-10,PG-13,98,6.8,"Action,Thriller",158474,100000000,22688457,81557479,18000
Paranormal Activity 2,22-Oct-10,R,91,5.7,Horror,86138,3000000,5744212.828,84749884,14000
Percy Jackson & the Olympians: The Lightning Thief,12-Feb-10,PG,118,5.9,"Adventure,Family,Fantasy",150149,95000000,2292763.205,88761720,91000
Salt,23-Jul-10,PG-13,100,6.4,"Action,Crime,Mystery,Thriller",257108,110000000,36011243,118311368,23000
The Other Guys,6-Aug-10,PG-13,107,6.7,"Action,Comedy,Crime",201298,100000000,35543162,119219978,16000
Shutter Island,19-Feb-10,R,138,8.1,"Mystery,Thriller",864494,80000000,41062440,127968405,55000
Machete,3-Sep-10,R,105,6.6,"Action,Crime,Thriller",171746,10500000,14102888,26589953,44000
Nanny McPhee Returns,20-Aug-10,PG,109,6.1,"Comedy,Family,Fantasy",21281,35000000,3946878.408,28995450,22000
The Debt,31-Aug-11,R,113,6.9,"Drama,Thriller",57468,20000000,9949109,31146570,84000
Scott Pilgrim vs. the World,13-Aug-10,PG-13,112,7.5,"Action,Comedy,Fantasy,Romance",294841,60000000,10609795,31494270,36000
Love & Other Drugs,24-Nov-10,R,112,6.7,"Comedy,Drama,Romance",152542,30000000,9739161,32357532,25000
When in Rome,29-Jan-10,PG-13,91,5.5,"Comedy,Romance",53302,55000000,12350041,32669555,45000
Hereafter,22-Oct-10,PG-13,129,6.5,"Drama,Fantasy",82713,50000000,220322,32741596,16000
Devil,17-Sep-10,PG-13,80,6.3,"Horror,Mystery,Thriller",110784,10000000,12289375,33583175,17000
Everything Must Go,14-Oct-11,R,97,6.4,"Comedy,Drama",42885,5000000,791677,2711210,62000
Another Year,4-Feb-11,PG-13,129,7.3,"Comedy,Drama",24620,15258000,542614.1508,3205244,55000
The Runaways,19-Mar-10,R,106,6.6,"Biography,Drama,Music",41159,10000000,805115,3571735,98000
Of Gods and Men,25-Mar-11,PG-13,122,7.2,"Drama,History",13049,5162800,90600.4782,3950029,68000
My Name Is Khan,12-Feb-10,PG-13,165,8,"Adventure,Drama,Romance,Thriller",79319,12000000,1428841.513,4018695,28000
The Company Men,11-Feb-11,R,104,6.8,Drama,38285,15000000,647797,4439063,73000
The Warrior's Way,3-Dec-10,R,100,6.3,"Action,Fantasy,Western",23036,45000000,160802.5362,5664251,67000
Beginners,9-Jun-11,R,105,7.2,"Comedy,Drama,Romance",77792,3200000,141340,5776314,16000
It's Kind of a Funny Story,8-Oct-10,PG-13,101,7.1,"Comedy,Drama,Romance",114368,8000000,2013406,6350058,20000
Winter's Bone,16-Jul-10,R,100,7.2,Drama,117115,2000000,84887,6531491,20000
The Virginity Hit,24-Sep-10,R,86,4.6,Comedy,3575,3400000,301885,535249,980
Point Blank,1-Dec-10,R,81,6.8,"Action,Crime,Drama,Thriller",11962,16000000,41031,706937,17000
The Women on the 6th Floor,7-Oct-11,Unrated,102,7.1,Comedy,8298,9034900,26636,719601,25000
Queen of the Lot,19-Nov-10,R,120,5.5,"Comedy,Drama",68,500000,22726,158233,13
Young Goethe in Love,14-Oct-10,Not Rated,102,6.7,"Drama,Romance",2315,3872100,17143,160392,999
Little White Lies,20-Oct-10,Not Rated,134,7.1,"Comedy,Drama",19773,25000000,191141.5434,183662,66000
The Nutcracker in 3D,9-Dec-10,PG,110,4.4,"Action,Family,Fantasy,Musical",2666,90000000,65894,190562,807
The Last Circus,17-Dec-10,R,107,6.6,"Comedy,Drama",10927,9034900,4757,40029,4000
Shanghai,2-Oct-15,R,105,6.4,"Drama,Mystery,Romance,Thriller",8088,50000000,26604,44689,17000
Ca$h,26-Mar-10,R,108,6,"Comedy,Crime,Thriller",7977,7000000,16469,46451,712
The Strange Case of Angelica,16-Mar-11,Unrated,97,6.3,Drama,1394,2581400,7499,47743,452
Dirty Girl,7-Jul-11,R,90,6.5,"Comedy,Drama",9364,4000000,17859,53630,22000
Trust,28-Apr-11,R,106,6.9,"Crime,Drama,Thriller",36312,9500000,58214,58214,10000
Let the Bullets Fly,16-Dec-10,Not Rated,132,7.3,"Action,Comedy,Western",6987,18000000,11287,60040,12000
How I Ended This Summer,28-Jan-10,Not Rated,130,7,Drama,5568,2500000,4968,8109,14000
Circle,11-Sep-10,Not Rated,88,3.4,"Horror,Thriller",565,2000000,3926,9730,70
London Boulevard,26-Nov-10,R,103,6.2,"Crime,Drama",42067,25000000,880728.3792,10484,7000
Avatar,18-Dec-09,PG-13,162,7.8,"Action,Adventure,Fantasy,Sci-Fi",941999,237000000,13784661,760505847,34000
Inglourious Basterds,21-Aug-09,R,153,8.3,"Adventure,Drama,War",969606,75000000,5844174.375,120523073,43000
Cloudy with a Chance of Meatballs,18-Sep-09,PG,90,7,"Animation,Adventure,Comedy,Family,Fantasy,Sci-Fi",164480,100000000,2573259,124870275,74000
Terminator Salvation,21-May-09,PG-13,115,6.6,"Action,Adventure,Drama,Sci-Fi,Thriller",298823,200000000,51943726,125320003,67000
Angels & Demons,15-May-09,PG-13,138,6.7,"Mystery,Thriller",229416,150000000,9324125.58,133375846,72000
A Christmas Carol,6-Nov-09,PG,96,6.8,"Animation,Drama,Family,Fantasy",79785,200000000,3116000.875,137850096,83000
G.I. Joe: The Rise of Cobra,7-Aug-09,PG-13,118,5.8,"Action,Adventure,Sci-Fi,Thriller",181100,175000000,2776735,150167630,63000
Fast & Furious,3-Apr-09,PG-13,107,6.6,"Action,Crime,Thriller",219795,85000000,70950500,155022220,6000
The Proposal,19-Jun-09,PG-13,108,6.7,"Comedy,Drama,Romance",243804,40000000,33627598,163947053,10000
2012,13-Nov-09,PG-13,158,5.8,"Action,Adventure,Sci-Fi",300037,200000000,10545939.63,166112167,14000
Night at the Museum: Battle of the Smithsonian,22-May-09,PG,105,5.9,"Adventure,Comedy,Family,Fantasy",141197,150000000,6323953.92,177243721,21000
X-Men Origins: Wolverine,1-May-09,PG-13,107,6.7,"Action,Adventure,Sci-Fi,Thriller",392172,150000000,10121648.08,179883016,82000
Ice Age: Dawn of the Dinosaurs,1-Jul-09,PG,94,7,"Animation,Action,Adventure,Comedy,Family",179682,90000000,41690382,196573705,27000
Monsters vs. Aliens,27-Mar-09,PG,94,6.5,"Animation,Action,Adventure,Comedy,Family,Sci-Fi",122132,175000000,59321095,198332128,22000
Sherlock Holmes,25-Dec-09,PG-13,128,7.6,"Action,Adventure,Crime,Mystery,Thriller",505122,90000000,5006742,209019489,20000
Alvin and the Chipmunks: The Squeakquel,23-Dec-09,PG,88,4.5,"Animation,Comedy,Family,Fantasy,Music",34059,75000000,8689185.375,219613391,2000
The Time Traveler's Wife,14-Aug-09,PG-13,107,7.1,"Drama,Fantasy,Romance,Sci-Fi",121453,39000000,2291791.125,63411478,13000
17 Again,17-Apr-09,PG-13,102,6.4,"Comedy,Drama,Family,Fantasy",153738,20000000,3769229.94,64149837,5000
Friday the 13th,13-Feb-09,R,97,5.6,Horror,79348,19000000,1738046.85,64997188,6000
The Taking of Pelham 123,12-Jun-09,R,106,6.4,"Action,Crime,Thriller",158833,100000000,23373102,65452312,46000
The Final Destination,28-Aug-09,R,82,5.2,"Horror,Thriller",80064,43000000,40000000,5704430.15,27000
Race to Witch Mountain,13-Mar-09,PG,98,5.7,"Action,Adventure,Family,Fantasy,Sci-Fi,Thriller",46055,65000000,24402214,67128202,16000
Obsessed,24-Apr-09,PG-13,108,4.9,"Drama,Romance,Thriller",24062,20000000,28612730,68261644,28000
"I Love You, Man",20-Mar-09,R,105,7,"Comedy,Romance",173214,40000000,17810270,71347010,6000
Hotel for Dogs,16-Jan-09,PG,100,5.4,"Comedy,Family",17475,35000000,17012212,73023275,11000
Law Abiding Citizen,16-Oct-09,R,109,7.4,"Crime,Drama,Thriller",229756,50000000,21039502,73343413,22000
Coraline,6-Feb-09,PG,100,7.7,"Animation,Family,Fantasy",158165,60000000,16849646,75280058,11000
Zombieland,2-Oct-09,R,88,7.7,"Adventure,Comedy,Horror,Sci-Fi",412838,23600000,24733155,75590286,27000
Where the Wild Things Are,16-Oct-09,PG,101,6.8,"Adventure,Drama,Family,Fantasy",91039,100000000,32695407,77222184,11000
Hannah Montana: The Movie,10-Apr-09,G,102,4.3,"Comedy,Drama,Family,Music,Romance",33681,30000000,32324487,79566871,16000
Knowing,20-Mar-09,PG-13,121,6.2,"Drama,Mystery,Sci-Fi,Thriller",195159,50000000,24604751,79948113,98000
Up in the Air,23-Dec-09,R,109,7.4,"Drama,Romance",280841,25000000,1181450,83813460,19000
Fighting,24-Apr-09,PG-13,105,5.6,"Action,Drama,Sport",28709,25000000,11024370,23036320,17000
Observe and Report,10-Apr-09,R,86,5.8,"Comedy,Crime,Drama",54068,18000000,11017334,23993605,17000
Aliens in the Attic,31-Jul-09,PG,86,5.4,"Animation,Adventure,Comedy,Family,Fantasy,Sci-Fi",17650,45000000,8008423,25200412,940
The International,13-Feb-09,R,118,6.5,"Action,Crime,Drama,Mystery,Thriller",82437,50000000,10702613,25450527,3000
The Fourth Kind,6-Nov-09,PG-13,98,5.9,"Mystery,Sci-Fi,Thriller",65711,10000000,1383648.5,25464480,16000
Dance Flick,22-May-09,PG-13,88,3.5,"Action,Comedy,Music",10439,25000000,12622450,25615792,664
Brooklyn's Finest,5-Mar-10,R,132,6.7,"Crime,Drama,Thriller",54828,17000000,4471932,27154426,41000
Saw VI,23-Oct-09,R,90,6,"Horror,Mystery",81483,11000000,2821466.375,27669413,26000
Brothers,4-Dec-09,R,105,7.1,"Drama,Thriller,War",93582,26000000,9527848,28501651,10000
The Stepfather,16-Oct-09,PG-13,101,5.6,"Crime,Thriller",24603,20000000,11581586,29062561,16000
Daybreakers,8-Jan-10,R,98,6.5,"Action,Horror,Sci-Fi,Thriller",109585,20000000,1949652.6,29975979,84000
The Soloist,24-Apr-09,PG-13,117,6.7,"Biography,Drama,Music",45569,60000000,9716458,31670931,56000
9,9-Sep-09,PG-13,79,7.1,"Animation,Action,Adventure,Drama,Mystery,Sci-Fi,Thriller",116065,30000000,10740446,31743332,13000
The Girl Who Played with Fire,27-Aug-10,R,129,7.2,"Crime,Drama,Mystery,Thriller",77783,5520000,904998,6942564,77000
Taking Woodstock,28-Aug-09,R,120,6.7,"Biography,Comedy,Drama,Music",25654,30000000,3457760,7443007,43000
The Imaginarium of Doctor Parnassus,8-Jan-10,PG-13,123,6.8,"Adventure,Fantasy,Mystery",130767,40000000,1313389.7,7689458,20000
The Collector,31-Jul-09,R,90,6.4,Horror,46482,6000000,3576296,7706394,88000
Pirate Radio,13-Nov-09,R,135,7.4,"Comedy,Drama,Music",94789,50000000,2932756.125,7994115,21000
My Life in Ruins,5-Jun-09,PG-13,98,5.9,"Comedy,Romance",15966,17000000,3223161,8662318,18000
Street Fighter: The Legend of Chun-Li,27-Feb-09,PG-13,96,3.7,"Action,Crime,Thriller",20455,18000000,4721110,8742261,17000
A Single Man,5-Feb-10,R,99,7.6,"Drama,Romance",91111,7000000,217332,9166863,17000
Get Low,27-Aug-10,PG-13,103,7.1,"Drama,Mystery",19839,7500000,88182,9176553,88000
A Serious Man,6-Nov-09,R,106,7,"Comedy,Drama",108882,7000000,251337,9190525,10000
Dragonball: Evolution,10-Apr-09,PG,85,2.6,"Action,Adventure,Fantasy,Sci-Fi,Thriller",59939,30000000,636887.04,9353573,43000
Away We Go,26-Jun-09,R,98,7.1,"Comedy,Drama,Romance",47322,17000000,130411,9430988,71000
Whiteout,11-Sep-09,R,101,5.5,"Action,Crime,Mystery,Thriller",33236,35000000,245366.875,10268846,14000
Mother and Child,2-Jul-10,R,125,7.2,"Drama,Romance",10199,4825000,43040,1110286,32000
Micmacs,11-Jun-10,R,105,7.2,"Action,Comedy,Crime",25779,37260000,51914,1260917,99000
I Hope They Serve Beer in Hell,25-Sep-09,R,105,5.3,Comedy,7587,7000000,366909,1425993,23000
The Girl on the Train,18-Mar-09,Unrated,97,6,Drama,1283,5800000,19154,207323,129
World's Greatest Dad,24-Sep-10,R,99,6.9,"Comedy,Drama",33311,10000000,4675,221210,82000
Black Dynamite,13-Jan-10,R,84,7.4,"Action,Comedy",38007,2900000,131862,228477,11000
Spread,8-Jul-09,R,97,5.9,"Comedy,Drama,Romance",33878,4789000,122948,249590,35000
Blood: The Last Vampire,4-Jun-09,R,91,5.3,"Action,Horror,Thriller",13498,30000000,377308.75,256681,19000
Life During Wartime,16-Apr-10,R,98,6.4,"Comedy,Drama",5818,4500000,30507,278821,12000
The Dark Knight,18-Jul-08,PG-13,152,9,"Action,Crime,Drama,Thriller",1808046,185000000,158411483,533316061,41000
Four Christmases,26-Nov-08,PG-13,88,5.6,"Comedy,Drama,Romance",51676,80000000,3481645.05,120136047,31000
The Curious Case of Benjamin Button,25-Dec-08,PG-13,166,7.8,"Drama,Fantasy,Romance",488844,150000000,26853816,127490802,24000
Get Smart,20-Jun-08,PG-13,110,6.5,"Action,Adventure,Comedy",175023,80000000,38683480,130313314,28000
The Incredible Hulk,13-Jun-08,PG-13,112,6.8,"Action,Adventure,Sci-Fi",345344,150000000,6279685.39,134518390,56000
Wanted,27-Jun-08,R,110,6.7,"Action,Crime,Fantasy,Thriller",314265,75000000,7361126.15,134568845,9000
Slumdog Millionaire,25-Dec-08,R,120,8,Drama,681646,15000000,360018,141319195,14000
The Chronicles of Narnia: Prince Caspian,16-May-08,PG,150,6.6,"Action,Adventure,Family,Fantasy",160582,225000000,55034805,141614023,29000
Mamma Mia!,18-Jul-08,PG-13,108,6.4,"Comedy,Family,Musical,Romance",154878,52000000,12726531.94,143704210,11000
Taken,30-Jan-09,PG-13,93,7.8,"Action,Thriller",505188,25000000,1.941165986,145000989,29000
Gran Torino,9-Jan-09,R,116,8.2,Drama,600673,33000000,271720,148085755,30000
Sex and the City,30-May-08,R,145,5.5,"Comedy,Drama,Romance",103040,65000000,17008494.1,152637269,4000
Horton Hears a Who!,14-Mar-08,G,86,6.9,"Animation,Adventure,Comedy,Family,Fantasy",111898,85000000,45012998,154529187,35000
Quantum of Solace,14-Nov-08,PG-13,106,6.6,"Action,Adventure,Thriller",349910,200000000,23537852.01,168368427,61000
Madagascar: Escape 2 Africa,7-Nov-08,PG,89,6.7,"Animation,Action,Adventure,Comedy,Family",158919,150000000,63106589,179982968,19000
Forgetting Sarah Marshall,18-Apr-08,R,111,7.2,"Comedy,Drama,Romance",227854,30000000,17725330,62877175,58000
The Happening,13-Jun-08,R,91,5,"Sci-Fi,Thriller",172054,48000000,3166186.7,64505912,64000
Role Models,7-Nov-08,R,99,6.9,Comedy,200764,28000000,19167085,67266300,38000
Seven Pounds,19-Dec-08,PG-13,123,7.7,"Drama,Romance",246752,55000000,14851136,69951824,28000
Fool's Gold,8-Feb-08,PG-13,112,5.7,"Action,Adventure,Comedy,Romance,Thriller",63219,70000000,21589295,70224196,13000
The Spiderwick Chronicles,14-Feb-08,PG,96,6.6,"Adventure,Family,Fantasy",73403,90000000,24740537,71148699,25000
Vantage Point,22-Feb-08,PG-13,90,6.6,"Crime,Drama,Mystery,Thriller",131776,40000000,22874936,72266306,35000
Hellboy II: The Golden Army,11-Jul-08,PG-13,120,7,"Action,Adventure,Fantasy,Horror,Sci-Fi",218446,85000000,34539115,75754670,32000
27 Dresses,18-Jan-08,PG-13,111,6.1,"Comedy,Romance",131688,30000000,27442040,76806312,34000
The Day the Earth Stood Still,12-Dec-08,PG-13,104,5.5,"Drama,Sci-Fi,Thriller",145430,80000000,3990591.4,79363785,44000
Cloverfield,18-Jan-08,PG-13,85,7,"Action,Horror,Sci-Fi,Thriller",315912,25000000,46146546,80034302,88000
What Happens in Vegas,9-May-08,PG-13,99,6.1,"Comedy,Romance",147440,35000000,2450400.42,80276912,37000
21,28-Mar-08,PG-13,123,6.8,"Crime,Drama,Thriller",199424,35000000,24105943,81159365,74000
Valkyrie,25-Dec-08,PG-13,121,7.1,"Drama,History,Thriller,War",194954,75000000,21027007,83077470,69000
Pineapple Express,6-Aug-08,R,111,7,"Action,Comedy,Crime",269532,27000000,23245025,87341380,81000
The Women,12-Sep-08,PG-13,114,4.9,"Comedy,Drama",17489,16500000,1557558,26896744,17000
Defiance,16-Jan-09,R,137,7.2,"Action,Drama,History,Thriller,War",122332,32000000,123513,28622873,10000
Untraceable,25-Jan-08,R,101,6.2,"Crime,Mystery,Thriller",42530,35000000,11354069,28687835,2000
The Bank Job,7-Mar-08,R,111,7.3,"Crime,Drama,Romance,Thriller",157636,20000000,1863985.48,30028592,47000
Mirrors,15-Aug-08,R,110,6.2,"Horror,Mystery",90610,35000000,11161074,30691439,52000
Leatherheads,4-Apr-08,PG-13,114,6,"Comedy,Drama,Romance,Sport",28469,58000000,12682595,31199215,500
Transporter 3,26-Nov-08,PG-13,104,6.1,"Action,Adventure,Crime,Mystery,Thriller",134416,30000000,12063452,31316973,29000
The Eye,1-Feb-08,PG-13,98,5.4,"Horror,Mystery",45965,12000000,12425776,31397498,19000
Zack and Miri Make a Porno,31-Oct-08,R,101,6.6,"Comedy,Romance",155607,24000000,10065630,31452765,5000
Nick and Norah's Infinite Playlist,3-Oct-08,PG-13,90,6.7,"Comedy,Drama,Music,Romance",78323,9000000,11311751,31487293,44000
Milk,30-Jan-09,R,128,7.6,"Biography,Drama,History,Romance",143825,20000000,1453844,31838002,10000
The Love Guru,20-Jun-08,PG-13,87,3.8,"Comedy,Romance,Sport",44710,62000000,13907130,32178777,16000
Drillbit Taylor,21-Mar-08,PG-13,110,5.7,"Comedy,Drama",52145,40000000,10309986,32853640,726
Punisher: War Zone,5-Dec-08,R,103,6,"Action,Crime,Drama,Thriller",51687,35000000,4271451,7948159,27000
Cadillac Records,5-Dec-08,R,109,7,"Biography,Drama,Music",16452,12000000,3445559,8134217,57000
Sex Drive,17-Oct-08,R,109,6.5,"Adventure,Comedy,Romance",75371,19000000,3607164,8396942,28000
The Boy in the Striped Pajamas,26-Nov-08,PG-13,94,7.8,"Drama,War",146279,12500000,780752.56,9030581,41000
The Express,10-Oct-08,PG,130,7.3,"Biography,Drama,Sport",17350,40000000,4562675,9589875,19000
Stop-Loss,28-Mar-08,R,112,6.5,"Drama,War",18285,25000000,4555117,10911750,1000
Doomsday,14-Mar-08,R,113,6,"Action,Sci-Fi,Thriller",64899,30000000,4926565,10955425,38000
Meet Dave,11-Jul-08,PG,90,4.9,"Adventure,Comedy,Family,Romance,Sci-Fi",33215,60000000,5251918,11802056,815
Sunshine Cleaning,17-Apr-09,R,91,6.9,"Comedy,Drama",63214,8000000,219190,12055108,35000
What Just Happened,31-Oct-08,R,104,5.7,"Comedy,Drama",24365,25000000,192508,1089365,844
Me and Orson Welles,18-Dec-09,PG-13,114,6.8,Drama,9647,25000000,63638,1186957,11000
Dostana,14-Nov-08,Unrated,145,6.5,"Comedy,Drama,Romance",11557,5000000,522747.45,1235028,536
Summer Hours,5-Jun-09,Not Rated,103,7.3,"Drama,Family",5670,6820000,112964.26,1641025,668
Che: Part One,24-Jan-09,Not Rated,134,7.2,"Biography,Drama,History,War",39746,35000000,61070,1731665,64000
Passengers,24-Oct-08,PG-13,93,5.9,"Drama,Mystery,Romance,Thriller",29389,25000000,172544,270659,22000
Mesrine Part 2: Public Enemy #1,19-Nov-08,R,133,7.5,"Action,Biography,Crime,Drama,Thriller",24818,26669160,100242,275125,24000
The Merry Gentleman,4-Dec-09,R,110,6.6,Drama,2309,5000000,74981,346286,191
The Promotion,13-Jun-08,R,86,5.7,Comedy,16911,8000000,30493,406252,334
JCVD,4-Jun-08,R,97,7.2,"Comedy,Crime,Drama",34327,15500000,20119,470691,39000
The Baader Meinhof Complex,25-Sep-08,R,150,7.4,"Action,Biography,Crime,Drama",31168,28600000,195823.8,476270,68000
The Midnight Meat Train,7-Aug-08,R,98,6.1,"Horror,Mystery",50782,15000000,34394,73548,72000
Sleep Dealer,10-Dec-08,PG-13,90,5.9,"Drama,Romance,Sci-Fi,Thriller",5888,2500000,35050,75727,13000
Ballast,19-Jan-08,Not Rated,96,7,Drama,2031,700000,8572,76211,169
Mia and the Migoo,10-Dec-08,PG,91,6.7,"Animation,Family",271,11256000,16975,16975,25
Adventures of Power,20-Jan-08,PG-13,89,6.4,"Comedy,Music",1746,2500000,4254,17196,763
Donkey Punch,18-Jul-08,R,99,5.2,"Crime,Drama,Horror,Thriller",9675,1746000,281208.82,18378,18000
Wild Child,15-Aug-08,PG-13,98,6.1,"Comedy,Drama,Romance",39804,20000000,2237196.8,19780,19000
Downloading Nancy,1-May-09,Not Rated,102,5.8,"Drama,Thriller",2396,3000000,10324,22153,340
Good,17-Apr-09,R,92,6.2,"Drama,Romance,War",5952,15000000,9508,23091,11000
Nothing But the Truth,29-Jul-09,R,108,7.2,"Crime,Drama,Mystery,Thriller",31986,11500000,3045,3045,31000
Mutant Chronicles,10-Oct-08,R,111,5.2,"Action,Adventure,Sci-Fi",24121,25000000,4724,4724,15000
Gangster's Paradise: Jerusalema,29-Aug-08,R,119,7.7,"Action,Crime,Drama",9826,2000000,4958,4958,1000
The Amazing Truth About Queen Raquela,10-Oct-08,R,80,6.1,"Biography,Drama",203,400000,2700,5255,15
Spider-Man 3,4-May-07,PG-13,139,6.2,"Action,Adventure",410559,258000000,23299215.61,336530303,38000
P.S. I Love You,21-Dec-07,PG-13,126,7.1,"Drama,Romance",178294,30000000,448192,53680848,21000
TMNT,23-Mar-07,PG,87,6.3,"Animation,Action,Adventure,Comedy,Family,Fantasy,Sci-Fi",55389,34000000,1838756.958,54132596,13000
Halloween,31-Aug-07,R,109,6.1,Horror,92436,15000000,30591759,58267261,5000
Surf's Up,8-Jun-07,PG,85,6.7,"Animation,Comedy,Family,Sport",57153,100000000,17640249,58867694,17000
Saw IV,26-Oct-07,R,93,5.9,"Horror,Mystery",117364,10000000,5065093.56,63270259,15000
Charlie Wilson's War,21-Dec-07,R,102,7.1,"Biography,Comedy,Drama,History",93141,75000000,15952430,66636385,64000
The Golden Compass,7-Dec-07,PG-13,113,6.1,"Adventure,Family,Fantasy",155898,180000000,14487968,70083519,35000
1408,22-Jun-07,PG-13,104,6.8,"Fantasy,Horror",223385,25000000,20617667,71975611,11000
Fred Claus,9-Nov-07,PG,116,5.6,"Comedy,Family,Fantasy",33618,100000000,18515473,72000867,18000
No Country for Old Men,21-Nov-07,R,122,8.1,"Crime,Drama,Thriller",666984,25000000,1226333,74273505,23000
Disturbia,13-Apr-07,PG-13,105,6.9,"Drama,Mystery,Thriller",194513,20000000,22224982,80050171,47000
Beowulf,16-Nov-07,PG-13,115,6.2,"Animation,Action,Adventure,Fantasy",147185,150000000,4553685.36,82161969,32000
Bridge to Terabithia,16-Feb-07,PG,96,7.2,"Adventure,Drama,Family,Fantasy",118168,17000000,28536717,82234139,64000
The Game Plan,28-Sep-07,PG,110,6.2,"Comedy,Family,Sport",47313,22000000,22950971,90636983,17000
The Bucket List,11-Jan-08,PG-13,97,7.4,"Adventure,Comedy,Drama",195911,45000000,161840,93452056,23000
Meet the Robinsons,30-Mar-07,G,95,6.9,"Animation,Adventure,Comedy,Family,Sci-Fi",71707,150000000,1738152.7,97821064,21000
Evan Almighty,22-Jun-07,PG,96,5.4,"Comedy,Family,Fantasy",120257,175000000,31192615,100289690,21000
Paranormal Activity,16-Oct-09,R,86,6.3,"Horror,Mystery,Thriller",193468,15000,77873,107917283,13000
Ghost Rider,16-Feb-07,PG-13,114,5.2,"Action,Fantasy,Thriller",192017,110000000,52022908,115802596,48000
Ocean's Thirteen,8-Jun-07,PG-13,122,6.9,"Crime,Thriller",271642,85000000,5982177.96,117144465,29000
Atonement,11-Jan-08,R,123,7.8,"Drama,Mystery,Romance,War",204343,30000000,3186426.75,50921738,13000
Sweeney Todd: The Demon Barber of Fleet Street,21-Dec-07,R,116,7.4,"Drama,Horror,Musical,Thriller",298363,50000000,13635390,52882759,13000
3:10 to Yuma,7-Sep-07,R,122,7.7,"Adventure,Crime,Drama,Western",249982,55000000,14035033,53574088,85000
Hairspray,20-Jul-07,PG,117,6.7,"Comedy,Drama,Family,Music,Musical,Romance",103588,75000000,4173660.48,118823091,35000
I Now Pronounce You Chuck & Larry,20-Jul-07,PG-13,115,6,"Comedy,Romance",124888,85000000,34233750,119684970,22000
Superbad,17-Aug-07,R,113,7.6,Comedy,445087,20000000,33052411,121463226,81000
Bee Movie,2-Nov-07,PG,91,6.1,"Animation,Adventure,Comedy,Family",113694,150000000,25565462,126597121,23000
Resident Evil: Extinction,21-Sep-07,R,94,6.3,"Action,Horror,Sci-Fi,Thriller",160960,45000000,23678580,50648679,31000
War,24-Aug-07,R,103,6.3,"Action,Crime,Thriller",75841,25000000,9820089,22466994,22000
Hot Fuzz,20-Apr-07,R,121,7.9,"Action,Comedy,Mystery",377698,15200000,11244483.1,23618786,19000
Perfect Stranger,13-Apr-07,R,109,5.7,"Crime,Mystery,Thriller",39260,60795000,526389.3,23705592,12000
Across the Universe,12-Oct-07,PG-13,133,7.4,"Drama,Fantasy,Musical,Romance",95646,45000000,667784,24343673,15000
Grindhouse,6-Apr-07,R,191,7.6,"Action,Horror,Thriller",161088,53000000,11596613,25031037,36000
The Reaping,5-Apr-07,R,99,5.7,"Horror,Thriller",38600,40000000,10025203,25117498,13000
Nancy Drew,15-Jun-07,PG,99,5.9,"Comedy,Crime,Family,Mystery,Romance,Thriller",16753,20000000,6832318,25584685,606
The Mist,21-Nov-07,R,126,7.2,"Horror,Sci-Fi,Thriller",235417,18000000,8931973,25592632,22000
The Nanny Diaries,24-Aug-07,PG-13,106,6.2,"Comedy,Drama,Romance",50502,20000000,7480927,25925170,14000
Hannibal Rising,9-Feb-07,R,121,6.2,"Crime,Drama,Thriller",90658,50000000,2035864.35,27667947,32000
Mr. Brooks,1-Jun-07,R,120,7.3,"Crime,Drama,Thriller",128775,20000000,10017067,28476219,63000
Enchanted,21-Nov-07,PG,107,7.1,"Animation,Comedy,Family,Fantasy,Musical,Romance",151355,85000000,34440317,127706877,64000
American Gangster,19-Oct-07,R,157,7.8,"Biography,Crime,Drama,Thriller",339686,100000000,24028445,130127620,98000
Fantastic 4: Rise of the Silver Surfer,15-Jun-07,PG,92,5.6,"Action,Adventure,Fantasy,Sci-Fi,Thriller",221600,130000000,8191594.62,131920333,19000
Live Free or Die Hard,27-Jun-07,PG-13,128,7.2,"Action,Adventure,Thriller",349280,110000000,33369559,134520804,59000
Rush Hour 3,10-Aug-07,PG-13,91,6.2,"Action,Comedy,Crime,Thriller",128367,140000000,5491315.98,140080850,18000
Juno,25-Dec-07,PG-13,96,7.5,"Comedy,Drama",434893,7500000,413869,143492840,10000
Knocked Up,1-Jun-07,R,129,7,"Comedy,Romance",311013,30000000,30690990,148734225,46000
The Simpsons Movie,27-Jul-07,PG-13,87,7.4,"Animation,Adventure,Comedy",270348,75000000,27662511.59,183132370,23000
Ratatouille,29-Jun-07,G,111,8,"Animation,Comedy,Family,Fantasy",508516,150000000,47027395,206435493,11000
Alvin and the Chipmunks,14-Dec-07,PG,92,5.2,"Animation,Comedy,Family,Fantasy,Music",61076,60000000,44307417,217326336,18000
National Treasure: Book of Secrets,21-Dec-07,PG,124,6.5,"Action,Adventure,Family,Mystery,Thriller",191023,130000000,65444195,219961501,24000
The Bourne Ultimatum,3-Aug-07,PG-13,115,8.1,"Action,Mystery,Thriller",529880,110000000,69283690,227137090,8000
I Am Legend,14-Dec-07,PG-13,101,7.2,"Drama,Horror,Sci-Fi,Thriller",570452,150000000,77211321,256386216,11000
Harry Potter and the Order of the Phoenix,11-Jul-07,PG-13,138,7.5,"Adventure,Family,Fantasy,Mystery",389071,150000000,33481409.15,292000866,51000
We Own the Night,12-Oct-07,R,117,6.9,"Crime,Drama,Thriller",75118,21000000,10826287,28563179,19000
Lions for Lambs,9-Nov-07,R,92,6.2,"Drama,Thriller,War",42579,35000000,6702434,14998070,19000
The Orphanage,11-Jan-08,R,105,7.5,"Drama,Mystery,Thriller",126499,4416600,338024,7159147,11000
Martian Child,2-Nov-07,PG,106,6.8,"Comedy,Drama,Family",18027,27000000,1843767,7486906,15000
Code Name: The Cleaner,5-Jan-07,PG-13,84,4.5,"Action,Comedy,Crime",10120,20000000,4244142,8104069,246
Death at a Funeral,17-Aug-07,R,87,7.4,Comedy,94135,9000000,1282973,8579684,95000
The Seeker: The Dark Is Rising,5-Oct-17,PG,99,4.8,"Adventure,Drama,Family,Fantasy,Thriller",13602,45000000,3745315,8791738,1000
A Mighty Heart,22-Jun-07,R,108,6.7,"Biography,Drama,History,Thriller,War",24778,16000000,3948863,9172810,950
Once,15-Jun-07,R,85,7.9,"Drama,Music,Romance",97441,241380,61901,9437933,27000
Rendition,19-Oct-07,R,122,6.8,"Drama,Thriller",49169,27500000,1190023.8,9664316,23000
Pathfinder,13-Apr-07,R,99,5.4,"Action,Adventure,Drama,Thriller",38565,20000000,5001214,10232081,18000
Married Life,28-Mar-08,PG-13,91,6.3,"Crime,Drama,Romance",8277,12000000,55851,1506998,331
Son of Rambow,23-May-08,PG-13,96,7,"Action,Adventure,Comedy,Drama,Family",28062,7920000,1776236.22,1784769,2000
Margot at the Wedding,14-Dec-07,R,93,6.1,"Comedy,Drama",16105,10000000,81035,1956291,518
You Kill Me,13-Jul-07,R,93,6.5,"Comedy,Crime,Romance,Thriller",16556,4000000,233709,2426851,867
Captivity,13-Jul-07,R,96,4.7,"Crime,Mystery,Thriller",21069,17000000,668261.79,2626800,580
Things We Lost in the Fire,19-Oct-07,R,118,7.2,Drama,25153,16000000,1561949,2849142,24000
Resurrecting the Champ,24-Aug-07,PG-13,112,6.7,"Drama,Sport",18914,13000000,1659756,3169424,709
Savage Grace,25-Jan-08,Not Rated,97,5.9,Drama,9414,4600000,22311,434417,13000
Flight of the Red Balloon,30-Jan-08,Not Rated,115,6.7,"Drama,Family",3505,3897000,35222,459364,256
The Signal,4-Jul-08,R,103,6.1,"Horror,Sci-Fi,Thriller",18764,50000,144836,597420,21000
The Grand,7-Jun-07,R,104,6,Comedy,5058,5400000,16454,114669,496
12,20-Sep-07,PG-13,159,7.8,"Crime,Drama,Thriller,War",12207,4000000,12042,125024,35000
The Warlords,12-Dec-07,R,126,7.1,"Action,Drama,History,Romance,War",23692,40000000,10073,128978,14000
Blonde and Blonder,17-May-07,PG-13,95,2.9,"Comedy,Crime",3160,8000000,26815,42183,215
Sukiyaki Western Django,15-Sep-07,R,121,6.3,"Action,Western",13250,3800000,12172,48034,37000
Grace Is Gone,10-Jan-08,PG-13,85,6.8,Drama,8490,2000000,13880,50080,580
Finishing the Game: The Search for a New Bruce Lee,21-Jan-07,Not Rated,84,6.1,Comedy,1678,500000,11903,52850,154
A Plumm Summer,14-Oct-07,PG,99,6.1,"Adventure,Family",332,4200000,53752,53752,70
Elite Squad,12-Oct-07,R,115,8.1,"Action,Crime,Drama,Thriller",85910,4000000,3604,8060,11000
